Time,Profit,Seed
0.2191317081451416,77,0
0.21233034133911133,101,1
0.1997365951538086,68,2
0.19693756103515625,65,3
