Time,Profit,Seed
0.15312814712524414,36,0
0.20991039276123047,57,0
0.3727748394012451,72,0
0.3230886459350586,62,0
0.2429516315460205,58,0
0.2590301036834717,57,0
0.2509639263153076,56,0
0.2532205581665039,65,0
0.24800896644592285,56,0
0.27382707595825195,57,0
0.3308374881744385,66,0
0.3053760528564453,79,0
0.3008115291595459,71,0
