Time,Profit,Seed
2.1057639122009277,95,42
2.0261690616607666,95,42
