State_proved,Mean_time
1,0.07875871658325195
2,2.1751320362091064
3,7.122613906860352
4,34.35153126716614
5,94.16722917556763