Initial_state,Mean_time,Mean_profit
0,0.07834042310714721,86.76
1,0.14569468498229982,85.68
2,0.24118677139282227,79.81
