State_proved,Mean_time,Mean_profit
"[4, 1, 1]",0.007655739784240723,89.5
"[4, 1, 501]",2.1084548234939575,81.0
"[4, 1, 1001]",4.528724789619446,73.0
"[4, 1, 1501]",6.34187376499176,85.0
"[4, 1, 2001]",8.394641399383545,76.0
"[4, 1, 2501]",11.206952571868896,74.5
"[4, 1, 3001]",13.79904043674469,84.0
"[4, 1, 3501]",15.555951476097107,89.5
