Initial_state,Mean_time,Mean_profit
0,0.10047269821166992,86.73
1,0.18225311756134033,85.52
2,0.29780437707901003,79.58
