State_proved,Mean_time,Mean_profit
1,0.17012600898742675,57.419999999999995
2,1.4091043949127198,83.96000000000001
3,3.8935683250427244,94.8
4,7.826961469650269,96.42
5,12.453520202636719,96.22
