State_proved,Mean_time,Mean_profit
1,0.07999730110168457,86.8
2,0.6113281726837159,143.2
3,2.0818717956542967,160.8
4,4.053563022613526,161.2
5,6.194460201263428,156.6
